rose_id,ksg_name,breeder,year,confidence,note,rank,url,title,score,evidence,snippet
"a-white-shade-of-pale","A WHITE SHADE OF PALE","Pearce","2004","none","no HMF plant page in the results","","","","","",""
"agnes-bernaur","AGNES BERNAUR","Kordes","1989","none","no HMF plant page in the results","","","","","",""
"avante-garde","AVANTE GARDE","Delbard","2003","none","no HMF plant page in the results","","","","","",""
"barbarella","BARBARELLA","","","fuzzy","","1","https://www.helpmefind.com/gardening/l.php?l=2.28344","Barbarella (miniature, Barni, 1981)","1","","Miniature. Yellow and red, yellow reverse. Mild fragrance. Blooms in flushes throughout the season. USDA zone 6b through 9b (default). Vittorio Barni (1914-1999) (1981)."
"barbarella","BARBARELLA","","","fuzzy","","2","https://www.helpmefind.com/gardening/l.php?l=2.84719","Barbarella (hybrid tea, Grandes Roseraies, 1973)","1","class:Hybrid Tea","Hybrid Tea. Orange-red. Double (17-25 petals) bloom form. Blooms in flushes throughout the season. Unknown (1973)."
"bellisima","BELLISIMA","Laperriere","1992","fuzzy","","1","https://www.helpmefind.com/gardening/l.php?l=2.24825","'SUNlampo' Rose","0.9","sole-result","Description, photos, references, ratings, reviews, gardens growing and nurseries selling the \'SUNlampo\' Rose."
"best-of-friends","BEST OF FRIENDS","Poulson","2002","fuzzy","","1","https://www.helpmefind.com/gardening/l.php?l=2.82798","Best of Friends (floribunda, Rawlins, before 2018)","1","","Floribunda. Deep pink, fuchsia / magenta shading, white veining. Moderate fragrance. Double (17-25 petals), in small clusters, ruffled bloom form. Blooms in flushes throughout the season. Height of up to 2' (up to 60 cm)."
"best-of-friends","BEST OF FRIENDS","Poulson","2002","fuzzy","","2","https://www.helpmefind.com/gardening/l.php?l=2.26791","Best of Friends ™ (hybrid tea, Olesen 1999)","1","class:Hybrid Tea CONFLICT","Hybrid Tea. Paramount ® Collection. Yellow. Strong fragrance. Large, button-eye bloom form. Blooms in flushes throughout the season. USDA zone 6b through 9b (default). Height of 20"" to 32"" (50 to 80 cm). Mogens Nyegaard Olesen (1999), L. Pernille Olesen (1999)."
"black-berry","BLACK BERRY","Ludwig","1990","none","no HMF plant page in the results","","","","","",""
"black-gold","BLACK GOLD","","","fuzzy","","1","https://www.helpmefind.com/gardening/l.php?l=2.710","Black Gold (miniature, Clements 1996)","1","","Miniature. Dark red. Blooms in flushes throughout the season. USDA zone 6b through 9b (default). John Clements (1996)."
"black-gold","BLACK GOLD","","","fuzzy","","2","https://www.helpmefind.com/gardening/l.php?l=2.63293","Black Gold (hybrid tea, Meilland before 2008)","1","class:Hybrid Tea","Hybrid Tea. Dark red, light yellow reverse. . Flowers dark velvety red, finished black-red, reverse light cream yellow. None to mild fragrance. Large, full (26-40 petals), borne mostly solitary, exhibition, high-centered bloom form. Continuous (perpetual) bloom throughout the season. Height: 4' to 6' (120 to 185cm). Meilland (1940-....) (2008), Meilland International (2008)."
"black-gold","BLACK GOLD","","","fuzzy","","3","https://www.helpmefind.com/gardening/l.php?l=2.89486","Black Gold ® (florists rose, Meilland, 2020)","1","","Florists Rose. Red, dark red outer petals. Double (17-25 petals) bloom form. Blooms in flushes throughout the season. Height: 20"" to 2' (50 to 60cm)."
"brittania","BRITTANIA","Fryer","1998","none","no HMF plant page in the results","","","","","",""
"brooks-red","BROOKS RED","Brocks","2000","none","","1","https://www.helpmefind.com/gardening/l.php?l=2.31708","Rose Search","0.422","sole-result","Search for roses by name, partial name or similar sounding names."
"burgundy-panorosa","BURGUNDY PANOROSA","Kordes","2012","none","no HMF plant page in the results","","","","","",""
"burgundy-panorosa-2","BURGUNDY PANOROSA","Kordes","2012","none","no HMF plant page in the results","","","","","",""
"california-dreamin","CALIFORNIA DREAMIN'","Meilland","2009","none","same name on HMF but different year/breeder: probably not on HMF","1","https://www.helpmefind.com/gardening/l.php?l=2.45618","California Dreamin' ™","1","class:Hybrid Tea CONFLICT","Hybrid Tea. Cream, pink edges. Strong, citrus fragrance. Very large, full (26-40 petals), in small clusters, cupped, high-centered bloom form. Blooms in flushes throughout the season. USDA zone 6b through 9b (default). Height: 3' to 4' (90 to 120cm). Jacques Mouchotte (2007)."
"california-dreamin","CALIFORNIA DREAMIN'","Meilland","2009","none","","2","https://www.helpmefind.com/gardening/l.php?l=2.18190","California Dreaming","0.989"," CONFLICT","Miniature. Red. Fruity fragrance. Blooms in flushes throughout the season. USDA zone 6b through 9b (default). Bruce F. Rennie (1987)."
"caritas","CARITAS","Poulsen","2002","none","same name on HMF but different year/breeder: probably not on HMF","1","https://www.helpmefind.com/gardening/l.php?l=2.37894","Caritas (hybrid tea, Urban, 1970)","1","class:Hybrid Tea CONFLICT","Hybrid Tea / Large-Flowered. Light pink. Mild fragrance. Large, full (26-40 petals) bloom form. Blooms in flushes throughout the season. USDA zone 6b and warmer. Height of 32"" to 39"" (80 to 100 cm). Josef Urban (1970)."
"caritas","CARITAS","Poulsen","2002","none","","2","https://www.helpmefind.com/gardening/l.php?l=2.31690","Caritas (hybrid tea, Olesen 2000)","1","class:Hybrid Tea CONFLICT","Hybrid Tea. Paramount ® Collection. Orange and orange blend. None to mild fragrance. Medium to large, double (17-25 petals), borne mostly solitary, cluster-flowered, in small clusters, flat to cupped, reflexed, ruffled bloom form. Blooms in flushes throughout the season. USDA zone 6b and warmer. Height of 2' to 39"" (60 to 100 cm). L. Pernille Olesen (2000)."
"caritas","CARITAS","Poulsen","2002","none","","3","https://www.helpmefind.com/gardening/l.php?l=2.51196","Caritas ® (hybrid tea, Meilland, 2006)","1","class:Hybrid Tea CONFLICT","Grandiflora, Hybrid Tea. Salmon-pink. [Deep pink, salmon-pink shading.]. Moderate fragrance. Very large, very full (41+ petals), cupped, old-fashioned bloom form. Blooms in flushes throughout the season. Height: 20"" to 28"" (50 to 70cm). Width: 2' to 3' (60 to 90cm). Alain Meilland (1940-....) (2006)."
"carmousine","CARMOUSINE","Laperriere","1984","none","no HMF plant page in the results","","","","","",""
"carole-boquet","CAROLE BOQUET","Adam","2002","none","no HMF plant page in the results","","","","","",""
"carribean","CARRIBEAN","Kordes","1992","none","no HMF plant page in the results","","","","","",""
"catherine-denevue","CATHERINE DENEVUE","Meilland","1981","none","no HMF plant page in the results","","","","","",""
"chalis-gold","CHALIS GOLD","Greensitt","1986","none","no HMF plant page in the results","","","","","",""
"christopher-colomb","CHRISTOPHER COLOMB","Meilland","1991","none","no HMF plant page in the results","","","","","",""
